placeID,corresp,mentions
l10,1,17
l100,3,3
l1000,0,11
l1003,0,15
l1004,0,1
l1005,0,4
l1006,0,25
l1007,0,14
l1008,0,1
l1009,0,1
l101,1,48
l1010,0,3
l1011,0,1
l1012,0,2
l1013,0,2
l1015,0,4
l1016,0,2
l1017,0,16
l1018,0,2
l1019,0,3
l102,0,1
l1020,0,3
l1024,0,12
l1025,0,1
l1026,0,1
l1027,0,1
l1028,0,72
l1029,0,1
l103,1,2
l1030,0,66
l1031,0,22
l1032,0,9
l1033,0,19
l1034,0,4
l1035,0,4
l1037,0,5
l1038,0,2
l1039,0,5
l104,1,24
l1040,0,2
l1041,0,138
l1042,0,2
l1043,0,11
l1044,0,5
l1045,0,2
l1046,0,5
l1047,0,7
l1048,0,84
l1049,0,21
l105,5,10
l1051,0,2
l1052,0,4
l1053,0,1
l1054,0,5
l1055,0,3
l1056,0,30
l1057,0,5
l1058,0,32
l1059,0,18
l106,0,1
l1060,0,35
l1061,0,3
l1064,0,4
l1065,0,1
l1066,0,7
l1067,0,9
l1068,0,11
l1069,0,2
l1070,0,3
l1071,0,4
l1072,0,3
l1073,0,2
l1074,0,46
l1075,0,2
l1076,0,2
l1077,0,18
l1078,0,2
l1079,0,2
l108,2,76
l1080,0,2
l1081,0,1
l1082,0,7
l1084,0,1
l1085,0,2
l1086,0,3
l1087,0,3
l1089,0,2
l109,0,1
l1090,0,1
l1091,0,1
l1092,0,2
l1093,0,1
l1094,0,1
l1095,0,22
l1096,0,6
l1097,0,114
l1098,0,104
l1099,0,3
l110,1,2
l1100,0,1
l1101,0,4
l1102,0,2
l1103,0,16
l1104,0,3
l1105,0,17
l1106,0,1
l1107,0,445
l1108,0,3
l1109,0,1
l111,0,1
l1110,0,1
l1111,0,2
l1112,0,11
l1113,0,1
l1114,0,3
l1115,0,31
l1117,0,1
l1118,0,1
l1119,0,1
l1120,0,1
l1121,0,95
l1122,0,65
l1123,0,12
l1124,0,1
l1125,0,2
l1126,0,3
l1127,0,1
l1128,0,16
l113,5,22
l1130,0,2
l1131,0,1
l1132,0,3
l1134,0,27
l1135,0,3
l1136,0,2
l1137,0,4
l1139,0,10
l1140,0,1
l1141,0,3
l1143,0,11
l1144,0,3
l1145,0,1
l1146,0,5
l1148,0,85
l1149,0,3
l115,0,1
l1150,0,25
l1151,0,22
l1152,0,5
l1153,0,8
l1154,0,2
l1155,0,13
l1156,0,1
l1157,0,2
l1158,0,16
l1159,0,1
l1161,0,30
l1162,0,2
l1163,0,1
l1164,0,1
l1165,0,4
l1166,0,5
l1167,0,9
l1171,0,1
l1172,0,4
l1173,0,1
l1176,0,31
l1177,0,4
l1178,0,1
l118,0,5
l1180,0,1
l1181,0,1
l1182,0,1
l1183,0,1
l1184,0,2
l1185,0,6
l1186,0,4
l1187,0,16
l1189,0,2
l119,1,91
l1192,0,1
l1194,0,14
l1195,0,1
l1196,0,8
l1197,0,2
l1199,0,1
l12,6,15
l120,1,2
l1200,0,6
l1201,0,18
l1202,0,499
l1203,0,3
l1204,0,38
l1205,0,1
l1206,0,20
l1207,0,1
l1208,0,3
l1209,0,75
l121,0,24
l1210,0,1
l1211,0,2
l1212,0,1
l1213,0,1
l1214,0,4
l1215,0,2
l1216,0,3
l1217,0,1
l1218,0,1
l1219,0,6
l122,1,2
l1221,0,33
l1222,0,6
l1223,0,6
l1224,0,2
l1225,0,4
l1226,0,1
l1228,0,8
l1229,0,7
l123,1,1
l1230,0,1
l1231,0,5
l1232,0,1
l1233,0,1
l1234,0,5
l1235,0,1
l1236,0,1
l1237,0,5
l1238,0,3
l1239,0,1
l124,0,1
l1240,0,1
l1241,0,9
l1242,0,2
l1243,0,1
l1244,0,7
l1245,0,4
l1246,0,1
l1247,0,5
l1248,0,4
l1249,0,2
l125,1,2
l1250,0,22
l1251,0,6
l1252,0,9
l1253,0,1
l1254,0,1
l1255,0,85
l1256,0,1
l1257,0,2
l1258,0,8
l1259,0,1
l126,1,10
l1260,0,1
l1261,0,1
l1262,0,1
l1263,0,5
l1264,0,1
l1265,0,1
l1266,0,7
l1267,0,1
l1268,0,5
l1269,0,1
l127,0,9
l1270,0,3
l1271,0,1
l1272,0,1
l1273,0,46
l1274,0,10
l1275,0,3
l1277,0,1
l1278,0,1
l1279,0,1
l128,0,1
l1280,0,12
l1282,0,1
l1283,0,36
l1284,0,71
l1285,0,4
l1286,0,1
l1287,0,1
l1288,0,10
l1289,0,2
l1290,0,10
l1291,0,31
l1292,0,1
l1293,0,4
l1294,0,30
l1296,0,11
l1297,0,31
l1298,0,3
l1299,0,12
l13,0,14
l130,0,14
l1300,0,7
l1301,0,21
l1302,0,7
l1303,0,20
l1304,0,2
l1305,0,1
l1306,0,4
l1307,0,1
l1308,0,4
l1309,0,2
l131,2,12
l1310,0,4
l1311,0,8
l1312,0,16
l1313,0,3
l1314,0,1
l1315,0,3
l1316,0,1
l1317,0,2
l1318,0,6
l1319,0,2
l132,1,1
l1320,0,1
l1321,0,1
l1322,0,74
l1323,0,11
l1324,0,21
l1325,0,15
l1326,0,2
l1327,0,2
l1328,0,5
l1329,0,14
l133,1,19
l1330,0,1
l1331,0,1
l1333,0,11
l1334,0,2
l1336,0,1
l1337,0,7
l1338,0,1
l1339,0,3
l134,5,15
l1343,0,13
l1344,0,2
l1345,0,1
l1347,0,1
l1348,0,6
l1349,0,8
l1350,0,2
l1351,0,2
l1352,0,2
l1354,0,1
l1355,0,2
l1356,0,2
l1357,0,2
l1358,0,3
l136,16,36
l1360,0,4
l1361,0,2
l1362,0,1
l1363,0,3
l1365,0,1
l1366,0,4
l1367,0,2
l1368,0,2
l1369,0,2
l137,1,16
l1371,0,6
l1372,0,1
l1373,0,1
l1374,0,7
l1375,0,1
l1377,0,2
l1378,0,2
l1379,0,2
l138,23,50
l1382,0,3
l1383,0,1
l1384,0,1
l1385,0,2
l1387,0,1
l1388,0,1
l1389,0,1
l139,2,4
l1390,0,14
l1391,0,1
l1392,0,2
l1393,0,1
l1394,0,7
l1395,0,1
l1396,0,2
l1397,0,2
l1398,0,1
l1399,0,5
l140,1,1
l1400,0,1
l1401,0,1
l1404,0,3
l1405,0,5
l1406,0,1
l1408,0,2
l1409,0,10
l1410,0,1
l1411,0,2
l1412,0,1
l1414,0,1
l1415,0,5
l1416,0,1
l1417,0,2
l1418,0,1
l142,3,53
l1421,0,3
l1422,0,7
l1423,0,1
l1424,0,2
l1425,0,1
l1426,0,1
l1427,0,1
l1428,0,2
l1429,0,5
l1430,0,19
l1431,0,1
l1432,0,1
l1433,0,1
l1434,0,16
l1435,0,2
l1436,0,4
l1437,0,4
l1438,0,12
l144,2,4
l1440,0,2
l1441,0,3
l1442,0,2
l1443,0,2
l1446,0,1
l1447,0,2
l1449,0,1
l145,1,66
l1450,0,2
l1451,0,2
l1452,0,1
l1453,0,1
l1454,0,1
l1455,0,5
l1457,0,5
l1459,0,1
l146,2,2
l1460,0,1
l1461,0,3
l1462,0,1
l1463,0,3
l1464,0,2
l1465,0,1
l1466,0,1
l1467,0,1
l1468,0,3
l147,1,4
l1470,0,3
l1471,0,8
l1472,0,3
l1473,0,3
l1474,0,1
l1477,0,2
l1478,0,2
l1479,0,2
l1480,0,1
l1481,0,1
l1482,0,4
l1483,0,11
l1484,0,1
l1486,0,10
l1487,0,1
l1488,0,2
l1489,0,3
l1490,0,1
l1491,0,4
l1493,0,2
l1494,0,2
l1495,0,2
l1496,0,1
l1497,0,10
l1498,0,1
l1499,0,1
l15,8,191
l150,4,94
l1500,0,1
l1501,0,2
l1502,0,3
l1503,0,3
l1504,0,3
l1505,0,1
l1506,0,2
l1508,0,2
l1509,0,5
l151,2,12
l1510,0,1
l1511,0,1
l1513,0,2
l1514,0,5
l1515,0,5
l1516,0,4
l1517,0,8
l1518,0,2
l1519,0,1
l152,1,9
l1520,0,1
l1521,0,13
l1522,0,2
l1523,0,3
l1524,0,1
l1525,0,2
l1527,0,1
l1528,0,3
l1529,0,2
l153,25,28
l1530,0,6
l1531,0,6
l1532,0,3
l1533,0,4
l1534,0,9
l1535,0,1
l1537,0,1
l1538,0,3
l1541,0,1
l1542,0,1
l1543,0,1
l1544,0,1
l1545,0,1
l1546,0,1
l1547,0,1
l1548,0,1
l1549,0,1
l155,0,1
l1550,0,1
l1551,0,1
l1552,0,7
l1554,0,2
l1555,0,1
l1556,0,1
l1557,0,1
l1558,0,10
l1559,0,2
l156,5,5
l1560,0,1
l1561,0,2
l1562,0,5
l1563,0,1
l1564,0,28
l1566,0,1
l1567,0,3
l1568,0,3
l1569,0,2
l157,98,762
l1570,0,6
l1571,0,21
l1572,0,1
l1573,0,14
l1574,0,1
l1575,0,1
l1576,0,1
l1577,0,1
l1578,0,1
l1579,0,11
l158,0,15
l1580,0,1
l1582,0,1
l1583,0,1
l1584,0,1
l1585,0,1
l1586,0,3
l1587,0,1
l1588,0,1
l1589,0,6
l159,20,84
l1591,0,1
l1592,0,1
l1594,0,1
l1595,0,2
l1596,0,8
l1597,0,1
l1598,0,2
l1599,0,1
l160,6,155
l1600,0,1
l1601,0,2
l1602,0,1
l1603,0,28
l1604,0,1
l1605,0,7
l1606,0,4
l1607,0,4
l1608,0,4
l1609,0,4
l161,1,8
l1610,0,1
l1611,0,1
l1612,0,1
l1613,0,1
l1614,0,1
l1615,0,2
l1616,0,1
l1617,0,1
l1618,0,20
l1619,0,1
l162,2,3
l1620,0,1
l1621,0,2
l1622,0,1
l1623,0,1
l1625,0,2
l1626,0,1
l1627,0,1
l1628,0,1
l1629,0,1
l1631,0,1
l1632,0,1
l1633,0,1
l1635,0,1
l1636,0,5
l1637,0,9
l1639,0,5
l164,2,2
l1640,0,6
l1641,0,2
l1642,0,1
l1643,0,1
l1644,0,1
l1646,0,2
l1647,0,4
l1648,0,2
l1649,0,3
l165,3,45
l1652,0,10
l1653,0,7
l1654,0,2
l1656,0,2
l1657,0,1
l1659,0,1
l166,5,11
l1660,0,1
l1661,0,1
l1662,0,1
l1663,0,1
l1664,0,3
l1665,0,2
l1666,0,5
l1667,0,1
l1668,0,3
l1669,0,1
l167,711,1495
l1670,0,3
l1671,0,5
l1672,0,2
l1674,0,1
l1675,0,4
l1676,0,6
l1677,0,1
l1678,0,10
l1679,0,1
l168,0,46
l1681,0,10
l1682,0,30
l1683,0,4
l1684,0,1
l1685,0,4
l1686,0,1
l1687,0,2
l1689,0,1
l169,1,5
l1690,0,8
l1691,0,1
l1692,0,1
l1693,0,1
l1694,0,1
l1695,0,1
l1696,0,1
l1697,0,1
l1698,0,1
l1699,0,1
l17,1,39
l170,1,5
l1700,0,1
l1701,0,1
l1702,0,23
l1703,0,39
l1704,0,2
l1706,0,6
l1707,0,1
l1708,0,3
l1709,0,2
l171,9,32
l1710,0,1
l1711,0,1
l1712,0,2
l1713,0,1
l1714,0,2
l1716,0,14
l1717,0,1
l1718,0,2
l1719,0,5
l172,1,1
l1720,0,4
l1721,0,1
l1722,0,1
l1725,0,22
l1726,0,1
l1727,0,2
l1728,0,13
l1729,0,1
l173,17,22
l1730,0,1
l1731,0,5
l1732,0,2
l1733,0,1
l1734,0,1
l1735,0,1
l1736,0,16
l1737,0,1
l1738,0,5
l1739,0,2
l1740,0,3
l1741,0,1
l1743,0,2
l1744,0,1
l1748,0,2
l1749,0,1
l1750,0,32
l1751,0,2
l1752,0,1
l1753,0,1
l1754,0,6
l1755,0,2
l1756,0,2
l1757,0,1
l1758,0,1
l1759,0,1
l176,236,338
l1760,0,1
l1762,0,1
l1763,0,1
l1765,0,13
l1766,0,3
l1767,0,7
l1768,0,1
l177,3,23
l1770,0,1
l1771,0,1
l1772,0,14
l1773,0,3
l1774,0,1
l1775,0,1
l1776,0,2
l1777,0,5
l1778,0,1
l1779,0,7
l1780,0,1
l1781,0,2
l1782,0,3
l1783,0,1
l1784,0,2
l1785,0,1
l1786,0,3
l1787,0,3
l1788,0,13
l1789,0,1
l1790,0,1
l1791,0,1
l1792,0,3
l1794,0,1
l1795,0,1
l1797,0,1
l1798,0,1
l1799,0,1
l18,452,1749
l180,1,3
l1800,0,1
l1801,0,1
l1802,0,4
l1803,0,1
l1804,0,2
l1805,0,11
l1807,0,1
l1808,0,1
l1809,0,1
l1810,0,2
l1811,0,16
l1813,0,3
l1814,0,3
l1816,0,1
l1817,0,1
l1818,0,2
l1819,0,1
l1821,0,3
l1822,0,2
l1823,0,1
l1824,0,1
l1825,0,1
l1826,0,4
l1827,0,3
l1828,0,4
l1829,0,2
l1830,0,1
l1831,0,1
l1832,0,2
l1833,0,1
l1834,0,1
l1835,0,1
l1836,0,1
l1837,0,2
l1838,0,1
l1839,0,7
l184,65,86
l1840,0,1
l1841,0,17
l1842,0,2
l1844,0,1
l1845,0,1
l1846,0,1
l1847,0,1
l1848,0,1
l1849,0,2
l185,5,25
l1850,0,1
l1851,0,2
l1852,0,1
l1853,0,1
l1854,0,8
l1855,0,16
l1856,0,1
l1857,0,1
l1858,0,1
l1859,0,1
l186,16,16
l1860,0,16
l1861,0,1
l1862,0,12
l1863,0,7
l1864,0,2
l1865,0,1
l1866,0,3
l1867,0,17
l1868,0,1
l1869,0,1
l187,1,24
l1870,0,1
l1871,0,4
l1873,0,1
l1874,0,1
l1875,0,16
l1876,0,2
l1878,0,1
l1879,0,3
l188,1,2
l1880,0,3
l1881,0,1
l1882,0,1
l1883,0,1
l1884,0,8
l1885,0,2
l1886,0,1
l1887,0,20
l1888,0,1
l1889,0,2
l189,4,5
l1890,0,1
l1891,0,2
l1894,0,2
l1895,0,8
l1897,0,2
l1898,0,7
l1899,0,1
l19,1,6
l190,1,14
l1900,0,1
l1901,0,1
l1902,0,1
l1903,0,3
l1904,0,2
l1905,0,2
l1907,0,51
l1908,0,1
l1909,0,6
l191,1,3
l1910,0,1
l1911,0,4
l1912,0,3
l1913,0,11
l1914,0,1
l1915,0,4
l1916,0,3
l1917,0,1
l1918,0,1
l1919,0,1
l1920,0,5
l1921,0,1
l1922,0,9
l1923,0,1
l1924,0,1
l1925,0,1
l1926,0,3
l1927,0,1
l1928,0,1
l1929,0,1
l193,6,9
l1930,0,1
l1931,0,13
l1932,0,1
l1933,0,1
l1934,0,2
l1935,0,4
l1936,0,26
l1938,0,1
l1939,0,6
l194,1,1
l1940,0,1
l1941,0,3
l1942,0,3
l1944,0,13
l1945,0,1
l1946,0,1
l1948,0,1
l1949,0,1
l195,6,22
l1950,0,7
l1952,0,3
l1953,0,1
l1954,0,1
l1955,0,1
l1956,0,31
l1957,0,1
l1958,0,1
l1959,0,1
l196,1,1
l1960,0,5
l1961,0,1
l1962,0,3
l1963,0,1
l1964,0,1
l1965,0,1
l1966,0,1
l1967,0,3
l1968,0,1
l1969,0,1
l1971,0,4
l1973,0,1
l1974,0,1
l1975,0,1
l1978,0,1
l1979,0,1
l198,2,2
l1980,0,1
l1981,0,1
l1982,0,1
l1983,0,1
l1984,0,1
l1985,0,2
l1986,0,2
l1987,0,1
l1988,0,1
l1989,0,2
l199,1,37
l1990,0,1
l1991,0,1
l1992,0,2
l1993,0,1
l1995,0,4
l1996,0,2
l1997,0,4
l1998,0,2
l1999,0,1
l2,45,180
l20,0,343
l200,9,9
l2000,0,1
l2001,0,3
l2002,0,1
l2003,0,5
l2004,0,1
l2005,0,1
l2006,0,2
l2007,0,2
l2008,0,5
l2009,0,1
l2010,0,5
l2011,0,1
l2012,0,20
l2013,0,9
l2014,0,1
l2015,0,2
l2016,0,1
l2017,0,1
l2018,0,8
l2019,0,1
l202,1,7
l2020,0,1
l2021,0,1
l2022,0,1
l2023,0,2
l2024,0,7
l2025,0,1
l2026,0,1
l2027,0,1
l2028,0,2
l2029,0,2
l203,3,8
l2030,0,1
l2031,0,1
l2032,0,3
l2033,0,8
l2034,0,1
l2035,0,2
l2036,0,1
l2038,0,1
l204,3,47
l2040,0,2
l2041,0,1
l2042,0,4
l2043,0,1
l2044,0,1
l2045,0,2
l2046,0,1
l2048,0,2
l2049,0,2
l205,0,5
l2050,0,6
l2051,0,1
l2052,0,2
l2054,0,1
l2055,0,1
l2056,0,1
l2057,0,1
l2058,0,4
l2059,0,1
l206,4,4
l2060,0,1
l2061,0,2
l2062,0,1
l2063,0,3
l2064,0,1
l2065,0,3
l2066,0,2
l2067,0,3
l2068,0,1
l207,1,7
l2070,0,1
l2071,0,1
l2072,0,4
l2074,0,15
l2075,0,6
l2077,0,1
l2078,0,6
l2079,0,1
l208,5,5
l2080,0,1
l2081,0,4
l2082,0,1
l2083,0,1
l2084,0,1
l2085,0,1
l2087,0,1
l2088,0,1
l2089,0,1
l209,3,5
l2090,0,1
l2092,0,3
l2093,0,3
l2094,0,1
l2095,0,1
l2096,0,13
l2097,0,2
l2098,0,1
l2099,0,12
l21,99,797
l210,274,561
l2100,0,16
l2102,0,1
l2103,0,1
l2104,0,1
l2105,0,1
l2106,0,2
l2107,0,3
l2108,0,2
l2109,0,1
l211,2,3
l2110,0,23
l2111,0,1
l2112,0,1
l2114,0,1
l2116,0,2
l2117,0,1
l2118,0,3
l2119,0,1
l212,1,6
l2120,0,3
l2121,0,1
l2122,0,22
l2124,0,1
l2125,0,3
l2126,0,66
l2127,0,2
l2128,0,1
l2129,0,1
l213,0,264
l2130,0,1
l2131,0,42
l2132,0,1
l2133,0,1
l2134,0,1
l2135,0,1
l2136,0,1
l2137,0,5
l2138,0,3
l2139,0,1
l214,1,2
l2140,0,1
l2141,0,1
l2142,0,3
l2143,0,1
l2144,0,2
l2146,0,2
l2147,0,2
l2148,0,1
l2149,0,1
l215,1,4
l2150,0,1
l2151,0,1
l2152,0,1
l2153,0,2
l2154,0,6
l2155,0,1
l2156,0,1
l2158,0,1
l2159,0,1
l216,1,10
l2160,0,3
l2161,0,1
l2162,0,1
l2163,0,1
l2164,0,2
l2165,0,23
l2166,0,1
l2167,0,2
l2168,0,1
l2169,0,1
l217,1,26
l2170,0,1
l2171,0,2
l2172,0,3
l2173,0,1
l2174,0,3
l2175,0,1
l2176,0,3
l2177,0,1
l2178,0,12
l2179,0,1
l218,2,2
l2180,0,22
l2182,0,1
l2183,0,1
l2184,0,1
l2185,0,1
l2187,0,1
l2188,0,1
l2189,0,3
l219,1,3
l2190,0,8
l2191,0,1
l2192,0,1
l2193,0,1
l2194,0,1
l2195,0,3
l2196,0,1
l2197,0,1
l2198,0,2
l2199,0,1
l22,2,2
l2200,0,2
l2201,0,2
l2202,0,5
l2203,0,1
l2204,0,6
l2205,0,1
l2206,0,1
l2207,0,1
l2208,0,1
l2209,0,2
l221,1,1
l2210,0,1
l2211,0,1
l2212,0,1
l2213,0,2
l2214,0,1
l2215,0,4
l2216,0,1
l2217,0,1
l2218,0,1
l2219,0,13
l222,1,13
l2220,0,1
l2221,0,1
l2222,0,1
l2223,0,1
l2224,0,1
l2225,0,3
l2226,0,1
l2227,0,1
l2228,0,1
l2229,0,1
l223,1,1
l2230,0,1
l2231,0,2
l2232,0,1
l2234,0,4
l2235,0,23
l2236,0,1
l2237,0,2
l2238,0,1
l2239,0,1
l2240,0,1
l2241,0,3
l2242,0,1
l2243,0,5
l2244,0,2
l2245,0,8
l2247,0,1
l2248,0,1
l2249,0,1
l225,1,7
l2250,0,1
l2251,0,3
l2252,0,2
l2253,0,3
l2254,0,1
l2256,0,1
l2257,0,1
l2259,0,3
l226,2,5
l2260,0,2
l2261,0,1
l2263,0,1
l2264,0,1
l2265,0,1
l2266,0,1
l2267,0,1
l2268,0,1
l2269,0,1
l2270,0,1
l2271,0,1
l2272,0,1
l2273,0,2
l2274,0,1
l2275,0,2
l2276,0,2
l2277,0,1
l2278,0,1
l2279,0,2
l228,1,6
l2280,0,6
l2282,0,4
l2283,0,11
l2284,0,2
l2285,0,2
l2286,0,10
l2287,0,1
l2288,0,1
l2289,0,3
l229,1,9
l2290,0,1
l2291,0,2
l2292,0,2
l2294,0,3
l2295,0,1
l2296,0,8
l2297,0,2
l2298,0,1
l2299,0,1
l230,1,1
l2300,0,1
l2301,0,3
l2302,0,3
l2303,0,1
l2304,0,1
l2305,0,4
l2308,0,2
l231,1,89
l2311,0,2
l2313,0,9
l2314,0,1
l2315,0,1
l2316,0,1
l2317,0,1
l2318,0,1
l2319,0,1
l232,3,106
l2320,0,2
l2322,0,3
l2323,0,1
l2324,0,1
l2325,0,1
l2326,2,3
l2327,0,2
l2328,0,1
l2329,0,1
l2330,0,3
l2331,0,1
l2332,0,1
l2333,0,3
l2334,0,1
l2335,0,1
l2336,0,1
l2337,0,1
l2339,0,2
l234,7,87
l2340,0,5
l2341,0,1
l2343,0,1
l2344,0,2
l2345,0,3
l2346,0,2
l2347,0,2
l2348,0,4
l2349,0,2
l2350,0,3
l2351,0,4
l2352,0,7
l2354,0,1
l2355,0,1
l2356,0,1
l2357,0,1
l2358,0,2
l2359,0,1
l236,1,1
l2360,0,1
l2361,0,2
l2362,0,1
l2363,0,2
l2364,0,1
l2365,0,1
l2366,0,1
l2367,0,3
l2368,0,1
l2369,0,1
l237,4,4
l2370,0,6
l2371,0,1
l2372,0,1
l2373,0,1
l2374,0,1
l2375,0,1
l2376,0,2
l2377,0,2
l2378,0,1
l2379,0,2
l238,1,1
l2380,0,2
l2382,0,1
l2383,0,3
l2384,0,1
l2385,0,1
l2386,0,1
l2387,0,1
l2388,0,2
l2389,0,1
l239,1,1
l2390,0,1
l2391,0,1
l2392,0,2
l2393,0,1
l2394,0,1
l2395,0,2
l2396,0,22
l2397,0,1
l2398,0,1
l2399,0,3
l24,2,13
l240,1,8
l2401,0,4
l2404,0,6
l2405,0,1
l2406,0,1
l2407,0,3
l2409,0,1
l2410,0,2
l2411,0,2
l2412,0,7
l2413,0,1
l2414,0,3
l2415,0,1
l2416,0,1
l2417,0,1
l2418,0,6
l2419,0,1
l242,52,298
l2420,0,1
l2421,0,1
l2422,0,1
l2423,0,1
l2424,0,3
l2425,0,1
l2426,0,1
l2427,0,1
l2428,0,12
l2429,0,1
l243,1,2
l2430,0,1
l2431,0,1
l2432,0,1
l2433,0,1
l2434,0,3
l2435,0,1
l2436,0,2
l2437,0,1
l2438,0,1
l2439,0,1
l244,28,93
l2440,0,3
l2441,0,3
l2443,0,3
l2444,0,1
l2445,0,9
l2446,0,1
l2448,0,431
l2449,0,143
l245,17,45
l2450,0,167
l2451,0,59
l2453,0,34
l2454,0,9
l2456,0,10
l2457,0,6
l2458,0,1
l2459,0,138
l246,1,1
l2466,0,4
l2467,0,1
l2469,0,94
l247,3,5
l2471,0,9
l2472,0,407
l2477,0,133
l2478,0,268
l2479,0,1
l248,2,13
l2480,0,51
l2481,0,247
l2482,0,2
l2483,0,38
l2484,0,5
l2485,0,8
l2486,0,11
l2487,0,1
l2488,0,2
l2489,0,9
l249,1,1
l2495,0,7
l2499,0,1
l25,1,3
l250,1,5
l2500,0,1
l2501,0,2
l2506,0,5
l2507,0,37
l2508,0,1
l251,1,2
l2510,0,754
l2511,0,7
l2514,0,1
l2515,0,2
l252,0,11
l2520,0,31
l2522,0,5
l2523,0,9
l2524,0,218
l2525,0,1
l2526,0,1
l2527,0,2
l2528,0,64
l2529,0,71
l253,1,3
l2530,0,21
l2531,0,36
l2532,0,5
l2534,0,6
l2536,0,44
l2541,0,1
l2542,0,72
l2545,0,24
l2547,0,1
l2548,0,13
l2549,0,43
l2550,0,7
l2551,0,4
l2552,0,2
l2553,0,2
l2554,0,2
l2556,0,36
l2557,0,104
l2559,0,3
l256,1,3
l2561,0,2
l2562,0,69
l2563,0,1
l2566,0,5
l2568,0,3
l2569,0,1
l257,467,1232
l2570,0,2
l2571,0,2
l2572,0,6
l2573,0,9
l2574,0,22
l2575,0,3
l2576,0,6
l2577,0,1
l2579,0,1
l258,0,5
l2580,0,4
l2581,0,23
l2582,0,28
l2583,0,1
l2584,0,3
l2585,0,4
l2586,0,7
l2587,0,1
l2588,0,3
l2589,0,58
l2590,0,21
l2591,0,1
l2592,0,25
l2593,0,4
l2594,0,1
l2595,0,11
l2596,0,2
l2597,0,2
l2598,0,2
l2599,0,2
l26,1,16
l260,74,133
l2600,0,11
l2601,0,5
l2602,0,1
l2603,0,1
l2604,0,8
l2605,0,6
l2606,0,4
l2607,0,1
l2608,0,1
l261,1,9
l2610,0,7
l2611,0,4
l2612,0,9
l2614,0,5
l2615,0,2
l2616,0,6
l2618,0,5
l2619,0,13
l262,2,2
l2620,0,1
l2625,0,1
l2626,0,3
l2627,0,3
l2629,0,1
l2631,0,1
l2632,0,6
l2633,0,5
l2634,0,1
l2635,0,2
l2636,0,18
l2638,0,2
l264,1,1
l2640,0,1
l2641,0,1
l2642,0,1
l2643,0,1
l2644,0,4
l2646,0,1
l2647,0,1
l2648,0,6
l265,1,2
l2650,0,13
l2651,0,3
l2652,0,17
l2653,0,18
l2655,0,47
l2656,0,4
l2657,0,1
l2658,0,4
l2659,0,1
l266,9,52
l2660,0,2
l2661,0,1
l2663,0,1
l2665,0,21
l2666,0,1
l2667,0,3
l2669,0,2
l267,47,364
l2670,0,1
l2671,0,23
l2673,0,2
l2674,0,1
l2675,0,1
l2677,0,1
l2678,0,5
l2679,0,4
l268,8,25
l2680,0,2
l2681,0,6
l2682,0,1
l2683,0,1
l2684,0,2
l2685,0,7
l2686,0,22
l2688,0,29
l269,14,65
l2691,0,1
l2692,0,1
l2693,0,3
l2694,0,7
l2697,0,34
l2698,0,1
l2699,0,1
l27,1,2
l270,1,15
l2701,0,19
l2702,0,7
l2703,0,4
l2704,0,1
l2705,0,11
l2708,0,2
l2709,0,1
l2710,0,2
l2712,0,3
l2713,0,1
l2716,0,1
l2717,0,10
l2719,0,7
l272,5,42
l2720,0,2
l2721,0,36
l2723,0,2
l2726,0,12
l2727,0,4
l2728,0,26
l2730,0,11
l2732,0,2
l2733,0,2
l2735,0,18
l2736,0,1
l2739,0,5
l2740,0,15
l2741,0,1
l2742,0,3
l2743,0,1
l2744,0,1
l2745,0,3
l2746,0,2
l2747,0,2
l2748,0,1
l2749,0,1
l275,4,9
l2750,0,1
l2751,0,2
l2754,0,1
l2755,0,1
l2756,0,1
l2757,0,1
l2758,0,5
l2759,0,2
l276,3,24
l2760,0,1
l2761,0,1
l2762,0,1
l2763,0,1
l2764,0,4
l2765,0,1
l2766,0,1
l2767,0,1
l2768,0,5
l277,1,1
l2770,0,29
l2771,0,28
l2772,0,40
l2773,0,9
l2774,0,21
l2776,0,3
l2777,0,1
l2778,0,1
l2779,0,23
l278,5,5
l2780,0,1
l2781,0,4
l2783,0,3
l2784,0,2
l2785,0,1
l2786,0,19
l2787,0,6
l2788,0,1
l2789,0,4
l279,11,50
l2792,0,4
l2793,0,3
l2794,0,1
l2795,0,1
l2796,0,2
l2798,0,2
l2799,0,4
l28,1452,2840
l280,97,334
l2800,0,5
l2801,0,28
l2802,0,7
l2803,0,2
l2804,0,1
l2805,0,23
l2808,0,2
l281,1,4
l2810,0,1
l2812,0,15
l2813,0,10
l2814,0,8
l2815,0,1
l2816,0,1
l2817,0,1
l282,0,1
l2821,0,3
l2822,0,3
l2823,0,1
l2824,0,1
l2825,0,1
l2826,5,84
l2827,0,3
l2828,0,5
l2829,0,49
l283,1,1
l2830,0,9
l2831,0,9
l2832,0,1
l2833,0,1
l2834,0,10
l2835,0,37
l2836,0,24
l2837,0,1
l2838,0,1
l2839,0,3
l284,19,183
l2840,0,2
l2841,0,2
l2844,0,4
l2846,0,1
l2847,0,2
l285,44,88
l2851,0,2
l2852,0,7
l2853,0,4
l2855,0,1
l2857,0,2
l2858,0,12
l2859,0,6
l2860,0,4
l2861,0,1
l2862,0,1
l2863,0,1
l2864,0,2
l2865,0,65
l2866,0,9
l2868,0,1
l2869,0,1
l287,36,44
l2870,0,2
l2871,0,1
l2872,0,1
l2873,0,1
l2874,0,1
l2875,0,1
l2876,0,1
l2877,0,1
l2878,0,1
l288,1,1
l2880,0,1
l2881,0,1
l2882,0,1
l2883,0,2
l2884,0,1
l2885,0,1
l2886,0,3
l2889,0,1
l289,2,7
l2891,0,4
l2892,0,2
l2893,0,6
l2894,0,13
l2895,0,2
l2896,0,3
l2898,0,7
l2899,0,4
l290,1,1
l2902,0,1
l2903,0,2
l2904,0,7
l2905,0,3
l2906,0,4
l2907,0,2
l2908,0,11
l2909,0,5
l291,7,178
l2910,0,3
l2911,0,2
l2912,0,1
l2913,0,4
l2915,0,2
l2916,0,1
l2917,0,1
l2918,0,8
l2919,0,1
l292,1,1
l2920,0,1
l2921,0,3
l2922,0,1
l2923,0,6
l2924,0,3
l2925,0,3
l2926,0,1
l2927,0,11
l2929,0,2
l2930,0,2
l2931,0,3
l2932,0,2
l2933,0,5
l2934,0,12
l2935,0,7
l2937,0,3
l2938,0,2
l2939,0,3
l294,12,108
l2940,0,1
l2941,0,1
l2942,0,1
l2943,0,1
l2944,0,5
l2945,0,8
l2946,0,1
l2947,0,1
l2948,0,1
l2949,0,1
l295,1,2
l2950,0,1
l2951,0,1
l2952,0,6
l2953,0,2
l2954,0,6
l2955,0,1
l2956,0,1
l2957,0,5
l2958,0,1
l2959,0,1
l296,116,290
l2961,0,1
l2962,0,1
l2964,0,1
l2965,0,2
l2966,0,3
l2967,0,3
l2968,0,2
l2971,0,2
l2972,0,1
l2973,0,8
l2974,0,4
l2975,0,2
l2976,0,2
l2977,0,5
l2978,0,11
l2979,0,1
l298,1,2
l2980,0,1
l2981,0,2
l2982,0,2
l2983,0,4
l2984,0,2
l2985,0,1
l2986,0,1
l2987,0,1
l2988,0,1
l2989,0,4
l299,20,20
l2990,0,2
l2992,0,1
l2993,0,1
l2994,0,1
l2995,0,1
l2996,0,1
l2997,0,1
l2998,0,1
l3,3,17
l30,1,1
l300,5,277
l3000,0,1
l3001,0,1
l3002,0,1
l3003,0,1
l3004,0,2
l3005,0,5
l3006,0,4
l3007,0,1
l3008,0,1
l3009,0,1
l301,20,296
l3010,0,1
l3011,0,2
l3012,0,1
l3013,0,5
l3014,0,1
l3015,0,1
l3016,0,1
l3017,0,1
l3019,0,1
l302,1,22
l3021,0,1
l3023,0,1
l3024,0,1
l3025,0,1
l3026,0,3
l3027,0,4
l3028,0,1
l3029,0,25
l303,1,213
l3030,0,1
l3031,0,2
l3032,0,2
l3033,0,5
l3034,0,5
l3035,0,6
l3036,0,1
l3037,0,3
l3038,0,3
l3039,0,1
l304,2,2
l3040,0,2
l3041,0,5
l3042,0,2
l3043,0,1
l3044,0,3
l3045,0,7
l3046,0,1
l3048,0,8
l3049,0,2
l305,4,23
l3050,0,1
l3051,0,1
l3052,0,1
l3053,0,1
l3054,0,1
l3055,0,1
l3056,0,1
l3057,0,3
l3058,0,2
l3059,0,4
l306,2,371
l3060,0,1
l3061,0,2
l3062,0,5
l3063,0,2
l3065,0,4
l3066,0,1
l3067,0,1
l3068,0,4
l3069,0,1
l307,2,154
l3070,0,2
l3071,0,2
l3072,0,1
l3073,0,6
l3074,0,8
l3075,0,7
l3076,0,1
l3077,0,1
l3078,0,1
l3079,0,2
l308,3,11
l3080,0,2
l3081,0,1
l3087,0,1
l3088,0,2
l3089,0,1
l309,1,1
l3090,0,1
l3091,0,10
l3093,0,1
l3094,0,1
l3095,0,1
l3096,0,1
l3097,0,2
l3098,0,1
l3099,0,1
l31,1,2
l310,2,5
l3101,0,3
l3103,0,1
l3104,0,5
l3105,0,9
l3106,0,1
l3108,0,18
l3109,0,1
l311,93,265
l3110,0,1
l3111,0,1
l3112,0,1
l3113,0,3
l3114,0,36
l3115,0,3
l3116,0,5
l3117,0,1
l3118,0,1
l3119,0,1
l312,1,1
l3120,0,1
l3122,0,1
l3123,0,1
l3124,0,1
l3125,0,2
l3126,0,1
l3127,0,4
l3128,0,2
l3129,0,1
l313,1,5
l3130,0,1
l3131,0,8
l3132,0,1
l3133,0,1
l3134,0,1
l3135,0,1
l3136,0,1
l3137,0,1
l3138,0,3
l3139,0,1
l314,3,8
l3140,0,1
l3141,0,1
l3142,0,5
l3144,0,5
l3145,0,2
l3146,0,5
l3147,0,1
l3148,0,1
l3149,0,6
l315,1,8
l3150,0,1
l3151,0,6
l3152,0,1
l3153,0,1
l3154,0,5
l3156,0,2
l3157,0,1
l3158,0,1
l3159,0,1
l3160,0,1
l3161,0,2
l3162,0,2
l3163,0,4
l3164,0,3
l3167,0,5
l3168,0,6
l3169,0,1
l317,1,12
l3170,0,1
l3171,0,2
l3172,0,3
l3173,0,1
l3174,0,1
l3175,0,1
l3176,0,1
l3177,0,1
l3178,0,13
l3179,0,1
l318,1,1
l3180,0,1
l3181,0,1
l3182,0,1
l3183,0,6
l3184,0,2
l3185,0,1
l3186,0,3
l3187,0,1
l3188,0,1
l3189,0,1
l319,5,8
l3190,0,2
l3191,0,1
l3192,0,1
l3193,0,1
l3195,0,1
l3196,0,3
l3197,0,2
l3198,0,1
l3199,0,1
l32,2,7
l320,52,200
l3200,0,3
l3201,0,6
l3202,0,1
l3203,0,1
l3204,0,2
l3205,0,1
l3206,0,3
l3207,0,2
l3208,0,1
l3209,0,3
l321,1,1
l3210,0,1
l3211,0,1
l3212,0,6
l3213,0,3
l3214,0,1
l3215,0,1
l3216,0,4
l3218,0,3
l3219,0,1
l322,1,69
l3220,0,1
l3221,0,5
l3222,0,4
l3223,0,1
l3224,0,1
l3225,0,1
l3226,0,1
l3227,0,1
l3228,0,1
l3229,0,1
l323,2,20
l3230,0,3
l3231,0,2
l3232,0,1
l3233,0,1
l3234,0,1
l3235,0,2
l3236,0,1
l3237,0,1
l3238,0,2
l3239,0,1
l324,1,2
l3240,0,1
l3242,0,3
l3244,0,1
l3245,0,1
l3246,0,8
l3247,0,1
l3248,0,1
l3249,0,1
l325,1,5
l3250,0,1
l3251,0,1
l3252,0,1
l3253,0,1
l3254,0,2
l3255,0,3
l3256,0,1
l3257,0,1
l3258,0,8
l3259,0,50
l3260,0,1
l3261,0,1
l3262,0,1
l3263,0,1
l3264,0,1
l3265,0,1
l3267,0,1
l3268,0,1
l3269,0,1
l327,13,129
l3270,0,1
l3272,0,1
l3273,0,13
l3274,0,1
l3275,0,1
l3276,0,1
l3277,0,1
l3278,0,6
l3279,0,1
l328,1,13
l3280,0,1
l3281,0,1
l3282,0,8
l3283,0,1
l3284,0,1
l3285,0,1
l3286,0,2
l3287,0,2
l3288,0,1
l3289,0,3
l329,2,20
l3290,0,1
l3291,0,3
l3292,0,1
l3293,0,1
l3294,0,3
l3295,0,2
l3296,0,1
l3297,0,2
l3298,0,1
l3299,0,6
l33,0,1
l330,3,14
l3300,0,2
l3301,0,1
l3302,0,1
l3303,0,2
l3304,0,1
l3305,0,1
l3306,0,1
l3307,0,1
l3308,0,1
l3309,0,2
l331,2,3
l3310,0,1
l3312,0,1
l3313,0,6
l3314,0,1
l3315,0,1
l3316,0,1
l3317,0,1
l3318,0,5
l3319,0,1
l332,1,3
l3320,0,1
l3321,0,2
l3322,0,1
l3323,0,1
l3324,0,1
l3326,0,1
l3327,0,1
l3329,0,1
l3330,0,1
l3331,0,1
l3333,0,1
l3334,0,1
l3336,0,1
l3337,0,1
l3338,0,2
l3339,0,1
l3340,0,1
l3342,0,2
l3343,0,1
l3345,0,2
l3346,0,2
l3347,0,1
l3348,0,1
l3349,0,2
l335,18,86
l3350,0,1
l3351,0,2
l3353,0,1
l3354,0,1
l3355,0,1
l3356,0,1
l3357,0,1
l3358,0,1
l3359,0,1
l336,2,44
l3360,0,1
l3361,0,1
l3362,0,1
l3363,0,1
l3364,0,1
l3365,0,1
l3366,0,1
l3367,0,1
l3368,0,3
l3369,0,2
l337,16,71
l3370,0,8
l3371,0,1
l3372,0,2
l3373,0,1
l3374,0,1
l3375,0,1
l3376,0,1
l3378,0,1
l3379,0,1
l3380,0,1
l3381,0,2
l3382,0,1
l3383,0,1
l3384,0,1
l3386,0,20
l3387,0,3
l3388,0,1
l3389,0,6
l339,31,146
l3391,0,1
l3392,0,1
l3393,0,1
l3394,0,2
l3395,0,2
l3396,0,1
l3397,0,1
l3398,0,3
l3399,0,1
l34,0,2
l3400,0,1
l3401,0,2
l3402,0,1
l3403,0,1
l3404,0,1
l3405,0,1
l3406,0,2
l3407,0,1
l3408,0,1
l3409,0,6
l341,1,3
l3410,0,1
l3411,0,7
l3412,0,1
l3413,0,1
l3414,0,1
l3415,0,1
l3416,0,2
l3417,0,1
l3418,0,1
l3419,0,1
l342,2,2
l3420,0,1
l3421,0,1
l3422,0,2
l3423,0,1
l3424,0,2
l3425,0,1
l3426,0,1
l3427,0,1
l3428,0,1
l3429,0,1
l3430,0,1
l3431,0,1
l3432,0,1
l3433,0,1
l3434,0,1
l3436,0,1
l3437,0,1
l3438,0,1
l3439,0,1
l3440,0,1
l3441,0,6
l3442,0,1
l3443,0,1
l3444,0,1
l3445,0,2
l3446,0,2
l3447,0,1
l3448,0,1
l3449,0,1
l3450,0,2
l3451,0,3
l3453,0,1
l3454,0,1
l3455,0,1
l3456,0,1
l3457,0,2
l3458,0,1
l3459,0,1
l3460,0,1
l3461,0,2
l3462,0,1
l3463,0,1
l3464,0,1
l3465,0,2
l3467,0,1
l3469,0,2
l3470,0,2
l3471,0,1
l3472,0,1
l3473,0,1
l3474,0,3
l3475,0,1
l3476,0,1
l3477,0,1
l3478,0,1
l3479,0,1
l348,3,3
l3480,0,2
l3481,0,1
l3482,0,1
l3483,0,1
l3484,0,1
l3485,0,1
l3486,0,1
l3487,0,1
l3488,0,1
l3489,0,2
l349,1,3
l3490,0,1
l3491,0,1
l3492,0,3
l3493,0,1
l3494,0,1
l3495,0,1
l3496,0,1
l3497,0,1
l3498,0,2
l3499,0,1
l35,77,120
l350,1,5
l3500,0,1
l3501,0,1
l3502,0,1
l3503,0,1
l3507,0,20
l3509,0,1
l351,11,13
l3510,0,1
l3511,0,2
l3512,0,1
l3513,0,3
l3514,0,1
l3515,0,1
l3516,0,1
l3517,0,1
l3518,0,1
l3519,0,1
l352,1,35
l3520,0,1
l3521,0,1
l3523,0,1
l3524,0,3
l3525,0,1
l3526,0,1
l3527,0,1
l3528,0,1
l3529,0,2
l3530,0,1
l3532,0,1
l3533,0,1
l3534,0,1
l3535,0,1
l3537,0,1
l3538,0,1
l3539,0,1
l3540,0,1
l3541,0,1
l3542,0,2
l3543,0,1
l3544,0,1
l3545,0,1
l3546,0,1
l3547,0,2
l3548,0,2
l3549,0,1
l355,4,4
l3550,0,1
l3551,0,1
l3552,0,1
l3553,0,1
l3554,0,1
l3555,0,1
l3556,0,1
l3557,0,1
l3558,0,1
l3559,0,1
l356,7,16
l3561,0,1
l3562,0,1
l3563,0,1
l3564,0,1
l3565,0,1
l3566,0,1
l3567,0,1
l3568,0,1
l3569,0,1
l357,1,8
l3570,0,1
l3571,0,1
l3572,0,1
l3573,0,4
l3574,0,1
l3575,0,1
l3576,0,1
l3577,0,1
l3578,0,3
l3579,0,1
l358,2,19
l3580,0,1
l3581,0,1
l3582,0,2
l3583,0,1
l3584,0,1
l3585,0,1
l3586,0,3
l3587,0,1
l3588,0,1
l3589,0,2
l359,0,6
l3590,0,2
l3591,0,1
l3592,0,1
l3593,0,1
l3594,0,1
l3595,0,1
l3596,0,3
l3597,0,1
l3598,0,1
l3599,0,1
l36,2,22
l360,0,54
l3600,0,1
l3601,0,1
l3602,0,1
l3603,0,1
l3604,0,1
l3605,0,1
l3606,0,1
l3607,0,2
l3608,0,1
l3609,0,1
l361,117,508
l3610,0,1
l3611,0,1
l3612,0,1
l3613,0,4
l3614,0,1
l3615,0,1
l3616,0,1
l3617,0,1
l3618,0,2
l3619,0,2
l362,1,5
l3620,0,3
l3621,0,1
l3622,0,1
l3623,0,1
l3624,0,1
l3625,0,1
l3626,0,1
l3627,0,1
l3628,0,1
l3629,0,1
l363,1,8
l3630,0,1
l3631,0,1
l3632,0,1
l3633,0,1
l3635,0,9
l3636,0,1
l3637,0,1
l3638,0,1
l3639,0,1
l364,5,11
l3640,0,1
l3642,0,1
l3643,0,1
l3644,0,1
l3645,0,1
l3646,0,1
l3647,0,2
l3648,0,1
l3649,0,3
l365,1,1
l3650,0,1
l3651,0,1
l3652,0,1
l3653,0,1
l3655,0,2
l3656,0,2
l3657,0,1
l3658,0,1
l3659,0,1
l366,1,7
l3660,0,1
l3661,0,3
l3662,0,2
l3663,0,1
l3664,0,1
l3665,0,1
l3666,0,1
l3667,0,1
l3668,0,1
l3669,0,1
l367,2,96
l3670,0,1
l3671,0,1
l3673,0,1
l3674,0,1
l3675,0,1
l3676,0,1
l3677,0,1
l3678,0,1
l3679,0,1
l3680,0,1
l3681,0,1
l3682,0,1
l3683,0,1
l3684,0,1
l3685,0,1
l3686,0,1
l3687,0,1
l3688,0,1
l3689,0,1
l369,1,7
l3690,0,2
l3691,0,1
l3692,0,1
l3693,0,2
l3694,0,1
l3696,0,1
l3697,0,1
l3698,0,1
l3699,0,1
l37,1,37
l370,1,1
l3700,0,1
l3701,0,1
l3702,0,1
l3703,0,2
l3704,0,2
l3705,0,1
l3706,0,1
l3707,0,1
l3708,0,1
l3709,0,1
l371,1,1
l3710,0,1
l3711,0,4
l3712,0,2
l3713,0,1
l3714,0,1
l3715,0,1
l3716,0,1
l3717,0,1
l3718,0,1
l3719,0,1
l372,3,3
l3720,0,1
l3721,0,1
l3722,0,1
l3723,0,1
l3724,0,1
l3725,0,1
l3726,0,1
l3727,0,1
l3728,0,1
l3729,0,1
l373,1,6
l3730,0,1
l3731,0,1
l3732,0,1
l3733,0,1
l3734,0,2
l3735,0,1
l3736,0,1
l3737,0,1
l3738,0,5
l3739,0,1
l374,1,2
l3740,0,1
l3741,0,1
l3742,0,2
l3743,0,1
l3744,0,3
l3745,0,2
l3746,0,1
l3747,0,1
l3748,0,1
l3749,0,1
l375,25,37
l3751,0,1
l3752,0,1
l3753,0,1
l3754,0,1
l3755,0,1
l3756,0,1
l3757,0,1
l3758,0,1
l3759,0,1
l376,58,106
l3760,0,1
l3761,0,1
l3762,0,3
l3763,0,1
l3764,0,2
l3765,0,1
l3766,0,2
l3767,0,1
l3768,0,1
l3769,0,1
l377,5,52
l3770,0,1
l3771,0,1
l3772,0,1
l3773,0,1
l3774,0,1
l3776,0,1
l3777,0,1
l3778,0,1
l3779,0,1
l378,53,468
l3780,0,1
l3781,0,1
l3782,0,1
l3783,0,1
l3784,0,1
l3785,0,1
l3786,0,1
l3787,0,1
l3788,0,1
l379,3,12
l3790,0,1
l38,19,19
l380,2,2
l381,1,1
l382,3,4
l384,0,1
l386,1,20
l387,2,9
l39,0,35
l391,1,4
l392,2,6
l393,1,1
l394,0,4
l395,1,1
l396,0,47
l397,4,5
l398,1,1
l399,2,12
l4,2,3
l40,1,8
l400,1,1
l401,1,1
l402,1,5
l403,0,2
l404,101,123
l406,0,2
l407,0,2
l408,9,9
l409,10,69
l41,1050,2248
l410,22,338
l411,138,201
l412,6,34
l413,2,2
l414,6,16
l416,1,1
l417,3,4
l42,1,4
l423,1,4
l424,2,6
l425,4,571
l426,1,1
l427,3,12
l428,1,1
l429,7,7
l430,0,2
l431,1,37
l432,2,2
l433,2,3
l434,10,16
l435,3,30
l436,1,7
l439,55,55
l44,1,9
l440,0,44
l441,350,686
l442,1,1
l443,1,1
l445,1,1
l446,1,2
l447,5,6
l448,1,4
l449,1,37
l45,2,41
l451,0,1
l452,0,28
l454,2,2
l455,3,4
l456,1,2
l458,7,21
l459,1,1
l46,6,10
l461,1,1
l462,2,34
l463,1,1
l465,1,1
l466,4,30
l467,1,1
l468,174,205
l469,2,13
l47,1,1
l470,6,9
l471,6,227
l473,418,854
l477,1,1
l478,16,18
l48,2,2
l480,1,2
l482,2,2
l486,11,13
l487,4,21
l488,1,1
l489,25,94
l49,169,260
l491,412,1642
l495,0,6
l496,13,130
l497,3,13
l499,7,8
l5,1,3
l50,2,39
l500,2,3
l501,1,6
l502,1,1
l503,1,30
l505,5,16
l507,1,28
l508,3,3
l509,1,12
l51,1,1
l510,2,15
l512,136,381
l513,23,413
l514,5,29
l515,13,41
l517,23,34
l518,0,15
l519,2,7
l52,1,7
l520,1,153
l522,19,381
l525,45,50
l527,1,1
l528,2,4
l530,1,4
l531,4,6
l532,1,11
l533,1,3
l534,1,1
l535,3,5
l536,1,3
l537,0,18
l538,6,16
l539,2,3
l54,19,19
l540,1,9
l541,11,17
l542,5,6
l543,6,7
l544,1,16
l545,3,5
l546,18,241
l547,1,1
l548,0,3
l549,2,5
l55,2,98
l551,1,1
l552,8,30
l553,4,50
l554,1,5
l555,219,332
l556,0,10
l557,1,1
l558,46,511
l56,6,43
l560,0,3
l562,2,2
l564,0,18
l565,1,1
l566,1,1
l567,3,23
l568,1,4
l569,56,310
l57,0,1
l570,2,29
l571,1,8
l572,6,565
l573,1,2
l574,3,20
l576,1,2
l577,1,1
l578,1,1
l579,1,9
l58,1,2
l580,12,15
l581,1,6
l582,9,82
l583,2,10
l585,26,43
l586,1,39
l587,8234,11589
l59,4,37
l592,0,1
l594,0,171
l596,0,1
l597,0,1
l598,0,1
l599,0,2
l6,0,25
l60,8,8
l603,0,1
l604,0,2
l605,0,1
l606,0,1
l607,0,1
l61,5,90
l611,0,1
l612,0,26
l613,0,5
l614,0,1
l615,0,2
l616,0,4
l617,0,1
l618,0,1
l619,0,220
l62,14,112
l626,0,5
l627,0,3
l628,0,2
l630,0,5
l631,0,167
l632,0,141
l633,0,2
l634,0,3
l635,0,1
l638,0,75
l639,0,1
l64,0,28
l640,0,108
l642,1,36
l643,1,7
l646,0,295
l648,0,523
l65,0,3
l650,0,1
l656,0,1
l66,3,26
l67,1,1
l670,0,2
l673,6,22
l68,1,1
l680,0,1
l688,0,10
l69,20,81
l691,0,160
l695,0,44
l697,0,1
l7,1,7
l70,15,28
l700,0,2
l701,0,21
l71,1,4
l710,0,7
l713,0,11
l714,0,8
l717,0,4
l72,1,1
l722,0,20
l726,0,30
l73,8,30
l734,1,77
l736,0,175
l74,1,1
l743,0,35
l746,0,10
l748,0,13
l749,0,580
l75,1,2
l750,0,3
l752,0,34
l754,0,14
l76,1,12
l760,0,413
l762,14,78
l77,4,4
l771,0,4
l772,0,9
l774,0,257
l776,0,33
l777,0,35
l778,0,5
l78,1,5
l781,1,126
l787,0,7
l788,0,54
l791,0,96
l8,2,2
l80,1,5
l801,5,108
l803,15,311
l805,0,4
l808,0,243
l816,0,4
l82,1,16
l822,4,1540
l825,0,124
l830,9,1239
l832,6,2385
l834,3,1162
l837,0,8
l839,0,2
l84,9,12
l841,0,40
l85,1,1
l850,0,221
l852,8,8
l855,0,3
l859,0,14
l86,7,38
l862,3,1811
l869,0,72
l87,2,2
l873,0,1
l875,0,906
l88,6,11
l882,2,267
l893,1,99
l894,3,92
l895,1,1
l896,1,2
l897,1,1
l898,1,1
l899,1,1
l9,1,9
l90,1,29
l900,1,1
l901,1,1
l904,1,1
l905,1,1
l907,17,117
l908,1,1
l909,2,16
l91,2,8
l912,1,1
l920,0,3
l921,0,39
l922,4,150
l923,1,3
l924,0,1
l93,133,277
l933,0,1
l935,0,7
l939,0,1
l943,0,1
l951,1,26
l952,1,10
l953,2,4
l954,0,9
l955,0,3
l956,0,12
l957,10,20
l958,0,5
l960,0,1
l961,0,12
l962,0,2
l963,0,11
l964,0,28
l965,0,1
l966,0,1
l968,0,41
l969,0,1
l970,0,51
l971,0,14
l972,0,4
l973,0,2
l974,0,7
l975,0,1
l976,0,14
l977,0,16
l978,0,3
l979,0,1
l98,1182,1575
l980,0,1
l981,0,8
l982,0,1
l983,0,20
l984,0,1
l985,0,28
l986,0,9
l987,0,3
l988,0,1
l989,0,1
l990,0,6
l991,0,3
l992,0,22
l993,0,9
l994,0,102
l995,0,5
l996,0,1
l997,0,1
l998,0,14
l999,0,3
